<?xml version="1.0" encoding="UTF-8"?>
<project-private xmlns="http://www.netbeans.org/ns/project-private/1">
    <editor-bookmarks xmlns="http://www.netbeans.org/ns/editor-bookmarks/2" lastBookmarkId="0"/>
    <open-files xmlns="http://www.netbeans.org/ns/projectui-open-files/2">
        <group>
            <file>file:/D:/The%20Real%20Homework/CSDLPT/KiemTra/GUIform/src/guiform/GiaoDien.java</file>
            <file>file:/D:/The%20Real%20Homework/CSDLPT/KiemTra/GUIform/src/guiform/GUIform.java</file>
            <file>file:/D:/The%20Real%20Homework/CSDLPT/KiemTra/GUIform/src/guiform/DataModel.java</file>
        </group>
    </open-files>
</project-private>
