<?xml version="1.0" encoding="UTF-8"?>
<project-private xmlns="http://www.netbeans.org/ns/project-private/1">
    <editor-bookmarks xmlns="http://www.netbeans.org/ns/editor-bookmarks/2" lastBookmarkId="0"/>
    <open-files xmlns="http://www.netbeans.org/ns/projectui-open-files/2">
        <group>
            <file>file:/D:/The%20Real%20Homework/CSDLPT/Ly%20Thuyet/ClientForm/src/guiform/QLDSV_Client.java</file>
            <file>file:/D:/The%20Real%20Homework/CSDLPT/Ly%20Thuyet/ClientForm/src/guiform/DataModel.java</file>
            <file>file:/D:/The%20Real%20Homework/CSDLPT/Ly%20Thuyet/ClientForm/src/guiform/DangNhap.java</file>
            <file>file:/D:/The%20Real%20Homework/CSDLPT/Ly%20Thuyet/ClientForm/src/guiform/GiaoDien.java</file>
            <file>file:/D:/The%20Real%20Homework/CSDLPT/Ly%20Thuyet/ClientForm/src/guiform/ThemSV.java</file>
        </group>
    </open-files>
</project-private>
